name,goals,assists,top_speed,total_minutes,distance,rating,rank
Serhou Guirassy,13,4,32.55,1084,92.62,8.735340253748248,A
Raphinha,12,9,34.72,1105,102.23,10.0,A
Harry Kane,11,2,30.44,1120,116.8,7.240135789793046,B
Robert Lewandowski,11,0,32.09,954,88.71,6.935160647173492,B
Vinícius Júnior,8,3,35.53,1104,99.62,6.669949532391568,B
Ousmane Dembélé,8,3,33.69,1052,94.2,6.769058981571211,B
Erling Haaland,8,0,36.57,771,86.38,6.207775938574918,C
Lautaro Martínez,8,0,31.21,696,46.27,6.492080261409418,C
Kylian Mbappé,7,2,36.42,1132,94.41,5.983579391946347,C
Vangelis Pavlidis,7,2,32.91,905,115.3,6.221215443586113,C
Julián Alvarez,7,1,34.29,790,96.55,6.135713655678191,C
Jonathan David,7,2,32.46,746,85.25,6.583257198382351,B
Florian Wirtz,6,1,33.57,765,97.61,5.833023377379167,C
Antoine Griezmann,6,3,30.89,732,89.62,6.584423642161827,B
Viktor Gyökeres,6,0,34.55,606,71.37,5.844094724594425,C
Santiago Giménez,6,1,32.78,449,54.06,6.481761549499004,C
Michael Olise,5,1,32.8,1033,111.81,5.048054532512482,C
Lamine Yamal,5,3,32.18,981,78.8,5.936521456669622,C
Rodrygo,5,2,33.94,880,86.49,5.714985559037471,C
Karim Adeyemi,5,1,35.33,692,59.09,5.773175736068294,C
Bukayo Saka,5,2,32.47,673,50.1,6.174365205089839,C
Ademola Lookman,5,2,34.29,483,50.7,6.447180107210364,C
Nuno Mendes,4,2,35.74,1283,109.66,4.695043122693964,D
Morgan Rogers,4,3,33.61,1025,107.17,5.414255711509217,C
Orkun Kökçü,4,0,32.52,995,120.69,4.395686462812698,D
Declan Rice,4,2,34.18,915,87.8,5.324219454679514,C
Kerem Aktürkoğlu,4,0,32.91,853,107.3,4.660155997164818,D
Jamie Gittens,4,0,34.86,848,91.15,4.738099448816021,D
Daizen Maeda,4,1,35.39,761,98.03,5.168398600746738,C
Marcus Thuram,4,1,34.51,743,51.55,5.397954553308535,C
Charles De Ketelaere,4,5,33.43,702,84.48,6.65041421162469,B
Christian Pulišić,4,1,33.53,632,87.25,5.402597136946736,C
Kai Havertz,4,1,32.25,560,73.5,5.567164145970033,C
Dušan Vlahović,4,1,34.1,550,64.08,5.622896158106715,C
Benjamin Šeško,4,0,33.84,522,62.63,5.335542225336441,C
Jude Bellingham,3,2,33.9,1136,110.27,4.571185009101221,D
Bradley Barcola,3,3,35.27,1002,104.62,5.12446846138008,C
Tijjani Reijnders,3,0,33.79,870,111.27,4.283840454115001,D
Jamal Musiala,3,4,34.06,866,108.07,5.6408169644881845,C
Ryan Flamingo,3,0,32.14,858,92.35,4.384057140143973,D
Mohamed Salah,3,4,34.54,808,88.82,5.80916399070304,C
Rafael Leão,3,2,35.59,797,84.86,5.173860060982333,C
Nicolas Kühn,3,1,35.94,792,96.78,4.794637403143445,D
Anis Hadj Moussa,3,0,32.83,786,92.78,4.486552630079423,D
Antoni Milambo,3,1,33.47,765,100.91,4.815700409233139,D
John McGinn,3,2,32.16,739,71.74,5.315373630779099,C
Ismael Saibari,3,2,32.89,728,78.63,5.301159955038931,C
Martin Ødegaard,3,1,31.91,708,58.49,5.084022081078205,C
Phil Foden,3,1,33.25,689,89.71,5.02509618433579,C
Hakan Çalhanoğlu,3,2,33.63,686,46.2,5.504006040909135,C
Luis Díaz,3,0,33.21,633,82.1,4.7551060168851125,D
Mario Pašalić,3,0,32.69,606,78.81,4.808649324218235,D
Désiré Doué,3,4,32.85,601,58.87,6.240353186619601,C
Mateo Retegui,3,0,33.33,575,67.3,4.903973617152089,D
Takumi Minamino,3,1,31.92,569,71.48,5.228666753637333,C
Weston McKennie,3,0,32.85,556,58.14,4.971614726968511,D
Malik Tillman,3,2,33.97,534,68.46,5.626918210438183,C
Abdallah Sima,3,0,34.81,509,63.84,5.01479904191669,C
Sandro Kulenović,3,0,32.64,494,58.64,5.059306886253272,C
Thomas Müller,3,1,31.73,370,36.7,5.669401256984205,C
Cody Gakpo,3,1,33.16,369,45.31,5.633161542095819,C
Adam Idah,3,1,34.25,338,41.72,5.693816834241538,C
Ivan Perišić,3,0,31.76,333,30.39,5.416368705231456,C
Ferran Torres,3,1,32.09,332,27.06,5.766687652520961,C
Ángel Correa,3,1,33.23,264,34.03,5.83475618732589,C
Marco Asensio,3,0,31.55,262,27.03,5.53400484644433,C
Jhon Durán,3,0,35.4,239,26.72,5.568704739405236,C
Gonçalo Ramos,3,1,30.79,198,26.42,5.963747818311547,C
Harvey Elliott,3,0,30.62,168,24.06,5.683276701255523,C
Nemanja Radonjić,3,0,34.72,157,17.57,5.727632625331673,C
Achraf Hakimi,2,5,36.55,1360,133.81,4.811995223833901,D
Vitinha,2,1,32.1,1268,134.89,3.6034691615887984,F
Antonio Rüdiger,2,0,34.13,1188,105.78,3.512578033746669,F
Youri Tielemans,2,3,31.09,1046,110.56,4.700387777795163,D
Emre Can,2,1,33.52,940,90.32,4.274068576037152,D
Igor Paixão,2,4,34.11,921,116.14,5.191465816856948,C
Luuk de Jong,2,1,29.47,905,98.45,4.289219515940745,D
Iñigo Martínez,2,1,31.45,882,82.71,4.391462676851264,D
Alejandro Grimaldo,2,2,32.38,871,111.88,4.614013066449342,D
Gabriel Martinelli,2,2,34.39,866,72.95,4.791673669357327,D
Johan Bakayoko,2,1,34.52,860,99.73,4.348852552321235,D
Ferran Jutglà,2,2,32.92,857,108.48,4.649191901153541,D
Maghnes Akliouche,2,2,33.39,807,100.24,4.757746233222438,D
Denzel Dumfries,2,1,33.48,776,71.78,4.592974923671484,D
Ramy Bensebaini,2,1,33.16,743,63.8,4.675746380362603,D
Mikel Merino,2,4,29.17,728,64.61,5.696823607322797,C
Kaan Kairinen,2,0,31.21,713,94.29,4.251477703219428,D
Georgiy Sudakov,2,1,32.68,702,93.22,4.606400641281295,D
Alphonso Davies,2,0,35.6,700,87.1,4.301797189201052,D
Marcos Llorente,2,4,35.3,693,85.71,5.65519968103673,C
Enzo Millot,2,4,31.16,690,87.45,5.651932080435484,C
Noa Lang,2,2,32.93,686,71.96,5.056951723315584,C
Alexis Mac Allister,2,0,32.28,674,87.89,4.336031016977936,D
David Strelec,2,0,33.0,674,81.65,4.36334598729586,D
Leandro Trossard,2,3,32.84,644,69.54,5.462724579562889,C
Martin Baturina,2,1,32.97,625,78.6,4.782024443869594,D
Silas,2,0,34.45,624,69.24,4.4901540735676,D
Cherif Ndiaye,2,1,34.43,572,67.04,4.909460814729665,D
Ngal'Ayel Mukau,2,0,31.73,567,63.65,4.597256136949659,D
Khvicha Kvaratskhelia,2,2,32.95,561,36.6,5.392947964047533,C
Mika Biereth,2,0,34.36,555,66.97,4.600119467230131,D
Chemsdine Talbi,2,1,35.87,551,69.73,4.928129127879452,D
Eliesse Ben Seghir,2,0,32.05,544,66.95,4.616153619197792,D
Oleksandr Zubkov,2,1,32.43,537,67.43,5.0415071764147,C
İlkay Gündoğan,2,0,31.35,524,68.5,4.638362476038065,D
Wilfried Singo,2,1,35.43,508,53.61,5.061029525872807,C
Christoph Baumgartner,2,1,31.8,482,54.51,5.094781839749855,C
Brahim Díaz,2,1,32.26,479,56.22,5.091645561121291,C
Kevin,2,0,35.31,460,53.39,4.797285217651417,D
Osame Sahraoui,2,2,33.21,455,59.84,5.444884483982579,C
Victor  Olatunji,2,1,34.08,424,53.89,5.181577920928984,C
Jamie Leweling,2,1,34.33,412,47.35,5.227602406231048,C
Ayase Ueda,2,0,32.18,383,47.11,4.93640151183403,D
Karim Konaté,2,0,31.66,318,39.63,5.0633743896666195,C
Hákon Arnar Haraldsson,2,0,33.08,304,31.61,5.118776808163898,C
Tammy Abraham,2,1,33.26,298,36.6,5.439924251386719,C
Petar Sučić,2,0,31.63,265,36.05,5.15587911579319,C
Donyell Malen,2,1,31.75,238,28.93,5.560480378689081,C
Ethan Nwaneri,2,0,35.06,223,28.71,5.248896258510073,C
Bruno Petković,2,0,29.98,193,21.56,5.323685400142652,C
Felício Milson,2,0,31.97,169,20.7,5.362242553874177,C
Ricardo Pepi,2,1,31.62,163,22.66,5.696653516337913,C
George Ilenikhena,2,0,32.07,111,14.1,5.475215481607984,C
João Neves,1,1,31.74,1261,139.25,3.2602390234087437,F
Hans Vanaken,1,1,30.3,1080,141.65,3.5121273857253406,F
Dávid Hancko,1,1,32.74,1080,119.86,3.6075109118836064,F
Nicolás Otamendi,1,0,30.8,1080,116.76,3.286788332010457,F
Maxim De Cuyper,1,0,31.33,1079,131.85,3.222183071022688,F
Minjae Kim,1,0,34.55,1074,111.16,3.3199999145398165,F
Ezri Konsa,1,0,34.32,990,88.68,3.540177912870988,F
Christos Tzolis,1,4,33.24,939,116.38,4.8300282811391915,D
Raphael Onyedika,1,1,29.88,939,118.46,3.818045739882246,F
Pascal Gross,1,2,29.72,918,106.4,4.235573206651169,D
Benjamin Pavard,1,0,31.81,855,74.42,3.7983079455307944,F
Thilo Kehrer,1,2,32.48,855,92.58,4.387399412167738,D
Virgil van Dijk,1,0,34.92,840,87.49,3.7628407085038376,F
Leon Goretzka,1,1,32.17,839,85.67,4.106549783168332,D
Gabriel,1,0,33.28,804,90.7,3.800978143198776,F
Reo Hatate,1,2,32.18,788,105.39,4.428454245019064,D
Konrad Laimer,1,1,34.46,781,75.47,4.235281347624019,D
Piero Hincapie,1,0,34.81,774,94.28,3.828797792601975,F
Jurriën Timber,1,1,32.71,769,56.53,4.3355855816347795,D
Breel Embolo,1,3,32.9,750,79.11,4.932873078453944,D
José María Giménez,1,0,33.07,750,83.67,3.9100345874552582,F
Éderson,1,0,34.72,739,100.18,3.853710332474955,F
Arne Engels,1,3,32.33,729,103.51,4.8565080573726185,D
Nasser Djiga,1,1,33.27,720,78.9,4.308698036305362,D
Mahdi Camara,1,1,35.14,712,93.71,4.255466285962729,D
Ollie Watkins,1,4,33.0,697,77.96,5.3490332418435695,C
Hugo Magnetti,1,1,29.92,697,93.59,4.277736942925104,D
Angelo Stiller,1,0,30.95,695,90.46,3.9600450675675223,F
Loïs Openda,1,3,35.55,683,65.8,5.088265575520685,C
Berat Djimsiti,1,0,31.23,678,82.49,4.019577689924659,D
Kenan Yıldız,1,1,34.16,668,76.69,4.393756034407996,D
Rade Krunić,1,2,31.17,668,83.67,4.6974943058142316,D
Mehdi Taremi,1,2,31.95,666,64.97,4.782251051329103,D
Gernot Trauner,1,1,31.94,659,75.13,4.413631998430465,D
Edimilson Fernandes,1,0,32.81,651,84.64,4.049307946211386,D
Ibrahima Konaté,1,0,34.11,649,69.49,4.118524924958849,D
Sead Kolašinac,1,1,32.9,639,75.65,4.440349576332832,D
Dominik Szoboszlai,1,1,34.52,637,82.91,4.411469041486593,D
Leroy Sané,1,0,34.38,634,59.86,4.182424647261522,D
Maximiliano Araújo,1,2,32.94,627,72.19,4.807184189489833,D
Felix Nmecha,1,1,34.71,619,62.71,4.525986945978669,D
Maximilian Beier,1,0,34.59,617,55.43,4.2264612768421435,D
Otar Kiteishvili,1,0,32.29,616,82.51,4.109371000772337,D
Denis Zakaria,1,0,33.13,614,72.16,4.157576463890627,D
Francisco Conceição,1,1,33.37,606,65.36,4.533232824920489,D
Qazim Laçi,1,0,31.65,605,76.72,4.150662745485899,D
Warren Zaïre-Emery,1,0,32.44,599,81.94,4.136510869867832,D
Savinho,1,1,34.39,578,67.18,4.5658573141781655,D
Lucas Vázquez,1,1,32.39,575,64.33,4.582681975397316,D
Giuliano Simeone,1,2,35.74,571,78.48,4.860833060418246,D
Zeno Debast,1,1,33.88,568,65.9,4.585957297727042,D
Jerdy Schouten,1,0,33.05,567,59.37,4.281698888002015,D
Timothy Weah,1,1,33.92,556,54.82,4.651855174895031,D
Tigran Barseghyan,1,2,34.59,553,63.03,4.95455831923562,D
Ángel Di María,1,2,32.81,547,64.41,4.957215656120891,D
Josha Vagnoman,1,1,35.53,545,69.03,4.605598937820375,D
Miguel Gutiérrez,1,0,31.57,540,67.52,4.285164749752276,D
Leon Bailey,1,1,32.3,531,62.96,4.652465428093301,D
Matheus Nunes,1,3,36.28,531,65.29,5.310851122315621,C
Jhon Lucumi,1,0,32.66,531,56.09,4.348245642787231,D
Raphaël Guerreiro,1,0,31.78,525,55.31,4.36035816170563,D
Geny Catamo,1,1,34.06,506,60.46,4.699651207602904,D
Chris Führich,1,0,32.76,506,58.63,4.373369330886202,D
Alexander Bah,1,2,33.76,500,64.49,5.025000953951559,C
Silvère Ganvoula,1,0,34.77,490,53.74,4.41796987277651,D
Gonçalo Inácio,1,0,32.79,488,52.83,4.42485268849076,D
Mohammed Salisu,1,0,31.23,477,52.54,4.442068738212562,D
Ronald Araújo,1,0,33.2,476,38.32,4.50576504453543,D
Conor Gallagher,1,1,32.85,469,63.71,4.739063237605709,D
Raoul Bellanova,1,0,35.03,468,59.37,4.425218323874872,D
Kyogo Furuhashi,1,0,34.05,467,50.34,4.466195928923696,D
Darwin Núñez,1,1,34.41,465,60.48,4.759001001750279,D
Kingsley Coman,1,0,35.42,460,58.18,4.442024958962815,D
Marko Tolić,1,1,31.96,459,53.43,4.798559812959284,D
Donny van de Beek,1,0,32.1,453,59.71,4.445475377256117,D
Davide Frattesi,1,0,32.53,451,52.89,4.478228621588786,D
Kevin Wimmer,1,0,31.08,450,52.25,4.482479848277452,D
Łukasz Łakomy,1,0,30.45,444,60.46,4.455239549382046,D
Nahuel Molina,1,0,34.14,427,53.32,4.511138930494972,D
Deniz Undav,1,1,30.59,425,50.28,4.861638123319991,D
Mitchel Bakker,1,0,33.01,422,52.12,4.52364026575948,D
Fermín López,1,5,31.81,414,34.28,6.284793180937735,C
Thijs Dallinga,1,0,31.67,410,52.33,4.540117307208019,D
Riccardo Calafiori,1,1,32.52,409,51.73,4.878485954983433,D
Patrik Schick,1,0,32.95,407,51.9,4.546348662630796,D
Ermedin Demirović,1,0,32.27,404,49.86,4.5596276305875225,D
Álvaro Morata,1,1,33.72,396,48.12,4.913134352224966,D
Adam Daghim,1,0,35.63,393,54.73,4.554256301007964,D
Jacob Ramsey,1,2,34.4,392,40.05,5.288551245012608,C
Juanpe,1,1,30.42,390,44.31,4.9385103903842795,D
Arnaut Danjuma,1,2,34.64,388,45.27,5.271499986851655,C
Rémy Cabella,1,1,31.1,388,42.93,4.947450583670553,D
Pierre Lees-Melou,1,0,32.25,374,48.99,4.6069267059386005,D
Ian Maatsen,1,0,33.66,373,43.47,4.632539640183592,D
Mathias Pereira Lage,1,0,32.8,370,52.13,4.598980437883622,D
Liam Scales,1,0,32.1,370,43.88,4.635093980371263,D
David López,1,0,30.57,368,44.65,4.634622765615302,D
Aleix García,1,0,31.57,365,49.75,4.616647104073635,D
Nicolás González,1,1,33.33,365,29.0,4.958229347770763,D
John Stones,1,1,32.23,364,43.4,4.980185796613162,D
Edon Zhegrova,1,1,33.41,361,46.17,4.972409474949822,D
Nordi Mukiele,1,1,32.09,360,41.5,5.005698380031185,C
Jakub Moder,1,0,31.28,360,50.27,4.621619312904357,D
Dani Olmo,1,1,30.5,357,35.05,5.026884917909845,C
Jack Grealish,1,0,31.91,354,42.77,4.6631479537035965,D
Samuel Iling-Junior,1,0,32.34,347,42.42,4.674827882284992,D
Mirko Ivanić,1,1,31.85,346,43.29,5.006761753398971,C
Marko Pjaca,1,3,31.54,344,39.69,5.694004806764385,C
Malick Thiaw,1,1,32.81,337,39.31,5.037231023217814,C
Mads Bidstrup,1,0,31.59,335,53.84,4.642234279941234,D
Nino Marcelli,1,1,32.41,330,43.42,5.029387751860436,C
Nathan Tella,1,0,33.51,330,41.12,4.705163252715757,D
Albion Rrahmani,1,0,31.75,327,41.15,4.709381004557404,D
Conrad Harder,1,0,33.25,326,42.67,4.704177049212942,D
Jorginho,1,0,28.2,323,40.71,4.717105825242516,D
Daniel Bragança,1,2,31.21,317,44.24,5.378936788186201,C
Kastriot Imeri,1,0,29.78,309,39.74,4.741647580159447,D
Mateo Kovačić,1,0,32.35,308,39.46,4.744322943175925,D
Eric Dier,1,0,31.15,296,15.91,4.864806986988871,D
Lazar Vujadin Samardžić,1,1,31.38,290,42.79,5.0901331641444845,C
Marlon,1,0,31.92,289,36.0,4.787012878182704,D
Soungoutou Magassa,1,0,31.12,288,40.12,4.7704276852057745,D
Amadou Onana,1,0,33.61,272,23.86,4.864799254742685,D
Julián Carranza,1,0,32.06,264,37.8,4.81537584160784,D
Julien Le Cardinal,1,0,32.15,256,29.43,4.8636122021577535,D
Tommaso Pobega,1,0,30.97,249,33.34,4.856644410618258,D
Victor Boniface,1,0,32.28,243,27.26,4.891957144710535,D
Zeki Amdouni,1,0,33.85,240,35.35,4.860893059891529,D
Fabian Rieder,1,3,31.82,240,35.48,5.863201549160877,C
Kyriani Sabbe,1,0,31.95,239,29.97,4.885893158264003,D
Samuel Mbangula,1,0,32.4,225,25.08,4.927594317611425,D
Takuya Ogiwara,1,0,32.23,225,26.26,4.92242898668592,D
Danylo Sikan,1,0,32.6,221,26.55,4.926958306035763,D
Marko Arnautović,1,0,33.16,203,23.24,4.967541939907687,D
Oleksandr Zinchenko,1,0,29.57,194,25.27,4.97170304119917,D
Dario Špikić,1,0,35.13,185,23.49,4.992542033021309,D
Arjan Malić,1,0,32.22,183,22.69,4.998943334835723,D
Eric García,1,0,29.94,179,13.1,5.046721357188947,C
Gustaf Nilsson,1,0,31.18,175,25.34,5.001059242579672,C
Nuno Santos,1,0,35.17,164,19.6,5.04001363217942,C
Angel Gomes,1,0,30.34,161,21.36,5.036658483596386,C
Idjessi Metsoko,1,0,33.36,154,23.25,5.0385330382175,C
Yussuf Poulsen,1,0,31.54,153,22.65,5.04260916894259,C
Daouda Guindo,1,0,31.71,153,20.06,5.053946632584164,C
Couhaib Driouech,1,0,34.36,152,20.1,5.055221227892031,C
Yannik Keitel,1,0,29.37,145,19.43,5.0683019241820375,C
Guélor Kanga,1,0,30.89,141,20.25,5.070511222014493,C
Casper Nielsen,1,0,31.62,140,21.87,5.06486952676109,C
El Bilal Touré,1,0,32.86,139,18.16,5.082559368654247,C
Endrick,1,0,33.29,136,15.53,5.098421002073727,C
Nicolò Zaniolo,1,0,31.28,127,18.88,5.096803936567188,C
Marco Brescianini,1,0,31.33,124,19.82,5.09703825523747,C
James McAtee,1,0,31.1,107,14.73,5.143963968217103,C
Ross Barkley,1,0,30.12,99,13.23,5.162127597022764,C
Nico González,1,0,30.26,90,11.13,5.184367356553514,C
Arthur Cabral,1,0,32.56,76,12.61,5.198184483701388,C
Senny Mayulu,1,0,32.44,41,7.06,5.273218243148124,C
Joshua Kimmich,0,6,32.23,1260,153.14,4.538056709529563,D
Federico Valverde,0,3,35.23,1236,120.11,3.714557240816469,F
Jules Koundé,0,3,32.95,1106,108.14,3.955414573204309,F
Nico Schlotterbeck,0,1,32.85,1080,112.03,3.3074934297033707,F
Pedri,0,2,31.43,1012,114.65,3.7288961675975623,F
Fredrik Aursnes,0,1,32.21,990,141.83,3.307519151268793,F
Dayot Upamecano,0,1,34.61,990,121.56,3.3962490308111546,F
Fabián Ruiz,0,4,31.33,977,100.26,4.511211169095339,D
Alvaro Carreras,0,2,33.31,900,108.03,3.920239971971079,F
Alexsandro,0,1,32.9,900,93.01,3.6516959892437084,F
Ferland Mendy,0,1,33.85,888,95.09,3.6599872943950498,F
Julian Brandt,0,4,33.71,884,91.05,4.6863483029530135,D
Pau Cubarsí,0,1,31.78,876,72.82,3.7748682673735487,F
Marten de Roon,0,1,33.14,874,112.02,3.6061736056115237,F
Alessandro Bastoni,0,1,32.37,868,62.14,3.833216419820002,F
Mauro Júnior,0,1,34.06,829,90.59,3.7652173753125364,F
Joško Gvardiol,0,2,34.78,815,98.92,4.083341835748269,D
Alejandro Balde,0,3,33.16,804,86.22,4.489173925219985,D
Federico Gatti,0,1,33.84,801,81.46,3.845774384599263,F
Youssouf Fofana,0,2,33.13,800,98.24,4.108063836200714,D
Jeremie Frimpong,0,5,35.38,796,89.53,5.154867298506226,C
Francisco Trincão,0,1,32.9,791,96.87,3.7928155773458694,F
Nicolò Barella,0,2,31.6,784,59.05,4.302809166857818,D
Vanderson,0,1,33.69,781,92.49,3.8264854980719196,F
Guus Til,0,2,32.04,768,90.7,4.187459546021048,D
Rodrigo De Paul,0,1,32.71,748,93.37,3.870473198830857,F
Raúl Asencio,0,1,35.84,748,61.5,4.009980907810386,D
Geovany Quenda,0,1,33.65,722,87.33,3.9346046623884177,F
Timi Max Elšnik,0,2,33.66,720,89.42,4.262647797884759,D
Gijs Smal,0,1,31.51,717,88.41,3.937125527729069,F
Henrikh Mkhitaryan,0,1,31.41,715,60.95,4.06022828926718,D
Isak Hien,0,1,34.64,710,80.42,3.9822487853535637,F
Maximilian Mittelstädt,0,3,32.43,706,86.65,4.629361388212953,D
Youngwoo Seol,0,3,32.14,701,83.91,4.648603918075154,D
Davide Zappacosta,0,5,33.34,699,90.06,5.29316733031881,C
Oscar Gloukh,0,2,32.98,681,81.21,4.3551242039951,D
Pau Torres,0,1,30.94,678,56.64,4.1327334563859335,D
Edmond Tapsoba,0,1,33.29,670,78.86,4.047065178790765,D
William Bøving,0,2,33.46,669,90.37,4.332423523593411,D
Stefan Ristovski,0,2,32.41,650,79.23,4.408731883606867,D
Luka Modrić,0,2,31.13,647,67.02,4.466529000302904,D
Sam Beukema,0,1,31.98,647,76.66,4.090038356030658,D
Manuel Akanji,0,1,33.28,646,72.11,4.111405213158921,D
Ludovic Ajorque,0,3,32.29,643,73.81,4.776897742621899,D
Rico Lewis,0,1,32.53,639,78.55,4.093362601923215,D
Marc Casadó,0,2,29.93,631,84.76,4.412069000799841,D
Amar Dedić,0,1,33.5,630,70.62,4.141122598145232,D
Ayyoub Bouaddi,0,1,30.79,622,77.96,4.120590019000499,D
Thomas Meunier,0,1,32.78,617,71.87,4.1544968358122265,D
Tochi Chukwuani,0,1,30.1,607,82.96,4.120448392625089,D
Kyriakos Savvidis,0,1,30.49,604,74.97,4.159772885163812,D
Filip Ugrinic,0,1,32.25,598,78.37,4.153587875888473,D
Quinten Timber,0,2,30.95,597,72.57,4.5147189989288234,D
Aleksandr Golovin,0,1,33.44,577,76.45,4.192435998840445,D
Trent Alexander-Arnold,0,1,34.14,577,65.18,4.241769286578107,D
Greg Taylor,0,1,30.63,576,73.54,4.206623921462073,D
Carlos Augusto,0,2,35.13,569,46.52,4.669341600808384,D
Fikayo Tomori,0,1,35.17,565,62.93,4.269014729786598,D
Andrea Cambiaso,0,1,33.82,564,62.05,4.274316532256722,D
Filip Panák,0,1,32.87,562,62.0,4.277434784754079,D
Francesco Acerbi,0,1,31.78,560,32.81,4.408110446716872,D
Andy Robertson,0,1,33.43,551,66.3,4.274558572655485,D
Serge Gnabry,0,3,33.72,549,64.91,4.952127574033299,D
Hugo Bueno,0,1,32.39,546,64.93,4.287804065765193,D
Piotr Zieliński,0,1,31.46,546,57.11,4.322035326644387,D
Joey Veerman,0,3,30.7,545,58.29,4.986904721090972,D
Ronaël Pierre-Gabriel,0,1,34.0,536,62.6,4.31250031835795,D
Matěj Ryneš,0,1,33.37,525,62.47,4.329015984225447,D
Myles Lewis-Skelly,0,2,31.33,498,27.25,4.856622161533787,D
Gabriel Gudmundsson,0,1,35.14,485,58.76,4.403243785704881,D
Josip Mišić,0,1,32.47,481,57.05,4.416527903233546,D
Kamil Piątkowski,0,1,33.02,478,56.62,4.422759258656322,D
Yukhym Konoplia,0,2,31.79,465,55.77,4.779618551461405,D
Federico Dimarco,0,2,32.59,461,29.61,4.899930076726168,D
Mama Baldé,0,2,36.13,452,54.42,4.804374026760868,D
Kostas Tsimikas,0,1,31.98,444,55.73,4.47594464707496,D
Samuel Lino,0,3,32.33,411,56.65,5.188342285970968,C
Andreas Schjelderup,0,2,32.19,408,52.24,4.877703172719277,D
Eguinaldo,0,1,34.32,408,52.63,4.541703470024082,D
Dani Ceballos,0,1,30.44,406,49.73,4.55729730992626,D
Nicolas Seiwald,0,1,33.78,406,46.3,4.57231178880294,D
Koke,0,1,29.43,402,60.0,4.518140186363781,D
Seedy Jatta,0,1,33.69,383,51.43,4.583198630717451,D
Charalampos Lykogiannis,0,1,32.75,371,45.39,4.627034416474809,D
Bart Nieuwkoop,0,1,33.0,353,42.58,4.665429350802028,D
Curtis Jones,0,2,32.43,352,48.31,5.02391093765853,C
Cheikh Niasse,0,1,33.76,341,42.5,4.6831758379864965,D
Alexander Schlager,0,1,27.56,336,18.92,4.793643364872024,D
Gerard Martín,0,1,33.98,327,25.55,4.7776684303522154,D
Juan Cuadrado,0,1,33.55,316,40.77,4.726991020197253,D
Tyrone Mings,0,1,33.57,312,34.81,4.7588790838559145,D
Marcus Rashford,0,2,34.32,309,17.59,5.172899487040225,C
Lukáš Sadílek,0,1,31.34,301,43.93,4.73490380814636,D
Alan Virginius,0,1,35.15,298,39.79,4.75737531419085,D
Raheem Sterling,0,2,34.23,297,34.78,5.115048291950566,C
Christian Mawissa,0,1,34.93,295,34.44,4.785143473133528,D
Jordan Lotomba,0,1,32.51,281,31.48,4.8183962522383865,D
Conor Bradley,0,1,34.89,278,35.5,4.8051481817132835,D
Samuel Chukwueze,0,1,33.4,277,35.92,4.804759365367174,D
Giovanni Reyna,0,1,26.92,275,31.38,4.827532139775985,D
Robert Andrich,0,1,33.08,273,37.74,4.802591264110218,D
Odilon Kossounou,0,1,33.22,267,32.57,4.83392056503113,D
David Raum,0,1,33.32,266,32.53,4.83554535226615,D
Lukáš Haraslín,0,1,30.6,265,31.88,4.83984035294571,D
Kevin Kampl,0,1,30.03,262,24.81,4.875137638322175,D
Matias Fernandez-Pardo,0,1,34.53,260,30.56,4.852866976100947,D
Gabriel Jesus,0,1,33.78,260,32.46,4.844549917831067,D
João Simões,0,1,32.28,235,34.53,4.871730983502061,D
Ismaily,0,1,31.65,228,20.81,4.941936737908881,D
Alex Valle,0,1,33.3,210,28.7,4.933493501979402,D
Pedro Gonçalves,0,2,31.27,200,25.23,5.297472506584413,C
Jurij Medveděv,0,1,32.65,193,24.42,4.9768735216966125,D
Jérémy Doku,0,1,33.17,192,21.46,4.991280314272712,D
Hugo Vetlesen,0,1,31.68,182,26.27,4.984721937367075,D
Hyunjun,0,1,33.37,153,21.71,5.046723924086637,C
Jonas Hofmann,0,1,31.11,131,19.13,5.089910821709062,C
Jens Odgaard,0,1,32.52,128,16.38,5.1062977430192715,C
Jan-Niklas Beste,0,2,32.88,109,15.33,5.4727306632708945,C
Federico Chiesa,0,1,32.97,107,13.76,5.1482100453338315,C
Isaac Babadi,0,1,28.74,104,15.86,5.1433665810603975,C
Martin Terrier,0,1,31.4,104,14.86,5.147743980149809,C
Noah Okafor,0,1,32.86,102,14.85,5.1506871366835885,C
Ismaël Bennacer,0,1,27.23,75,9.5,5.213247886140898,C
James Forrest,0,1,33.07,60,8.9,5.23761969466619,C
Francesco Camarda,0,1,32.23,36,7.23,5.2797225416601385,C
